-- 种子数据
-- 门店
INSERT INTO stores (id, name, address, phone, manager, status) VALUES
  ('a0000000-0000-0000-0000-000000000001', '总部旗舰店', '北京市朝阳区建国路88号', '010-12345678', '张经理', 'active'),
  ('a0000000-0000-0000-0000-000000000002', '国贸分店', '北京市朝阳区国贸中心B1层', '010-87654321', '李经理', 'active'),
  ('a0000000-0000-0000-0000-000000000003', '望京分店', '北京市朝阳区望京SOHO T3', '010-11223344', '王经理', 'inactive');

-- 管理员（密码: admin123）
INSERT INTO admins (id, username, password_hash, name, phone, role, store_id) VALUES
  ('b0000000-0000-0000-0000-000000000001', 'superadmin', 'admin123', '超级管理员', '13900000000', 'super_admin', NULL),
  ('b0000000-0000-0000-0000-000000000002', 'zhang_manager', 'admin123', '张经理', '13900000001', 'store_admin', 'a0000000-0000-0000-0000-000000000001'),
  ('b0000000-0000-0000-0000-000000000003', 'li_manager', 'admin123', '李经理', '13900000002', 'store_admin', 'a0000000-0000-0000-0000-000000000002');

-- 理发师
INSERT INTO barbers (id, name, phone, specialties, status, store_id) VALUES
  ('c0000000-0000-0000-0000-000000000001', '刘师傅', '13800000001', ARRAY['剪发', '烫发'], 'active', 'a0000000-0000-0000-0000-000000000001'),
  ('c0000000-0000-0000-0000-000000000002', '陈师傅', '13800000002', ARRAY['染发', '护理'], 'active', 'a0000000-0000-0000-0000-000000000001'),
  ('c0000000-0000-0000-0000-000000000003', '赵师傅', '13800000003', ARRAY['剪发', '染发'], 'active', 'a0000000-0000-0000-0000-000000000002'),
  ('c0000000-0000-0000-0000-000000000004', '孙师傅', '13800000004', ARRAY['洗发', '护理'], 'inactive', 'a0000000-0000-0000-0000-000000000001');

-- 服务项目
INSERT INTO services (id, type, name, price, discount_normal, discount_silver, discount_gold, discount_diamond, store_id) VALUES
  ('d0000000-0000-0000-0000-000000000001', 'wash', '精品洗发', 38.00, 1.00, 0.95, 0.90, 0.80, 'a0000000-0000-0000-0000-000000000001'),
  ('d0000000-0000-0000-0000-000000000002', 'cut', '男士精剪', 68.00, 1.00, 0.95, 0.90, 0.80, 'a0000000-0000-0000-0000-000000000001'),
  ('d0000000-0000-0000-0000-000000000003', 'color', '时尚染发', 198.00, 1.00, 0.95, 0.90, 0.80, 'a0000000-0000-0000-0000-000000000001'),
  ('d0000000-0000-0000-0000-000000000004', 'perm', '韩式烫发', 298.00, 1.00, 0.95, 0.90, 0.80, 'a0000000-0000-0000-0000-000000000001'),
  ('d0000000-0000-0000-0000-000000000005', 'treatment', '深层护理', 128.00, 1.00, 0.95, 0.90, 0.80, 'a0000000-0000-0000-0000-000000000001'),
  ('d0000000-0000-0000-0000-000000000006', 'wash', '精品洗发', 35.00, 1.00, 0.95, 0.90, 0.80, 'a0000000-0000-0000-0000-000000000002'),
  ('d0000000-0000-0000-0000-000000000007', 'cut', '男士精剪', 58.00, 1.00, 0.95, 0.90, 0.80, 'a0000000-0000-0000-0000-000000000002');

-- 充值套餐
INSERT INTO recharge_packages (id, name, amount, bonus, store_id) VALUES
  ('e0000000-0000-0000-0000-000000000001', '基础套餐', 200.00, 10.00, 'a0000000-0000-0000-0000-000000000001'),
  ('e0000000-0000-0000-0000-000000000002', '银卡套餐', 500.00, 50.00, 'a0000000-0000-0000-0000-000000000001'),
  ('e0000000-0000-0000-0000-000000000003', '金卡套餐', 1000.00, 150.00, 'a0000000-0000-0000-0000-000000000001'),
  ('e0000000-0000-0000-0000-000000000004', '钻石套餐', 2000.00, 400.00, 'a0000000-0000-0000-0000-000000000001'),
  ('e0000000-0000-0000-0000-000000000005', '基础套餐', 200.00, 10.00, 'a0000000-0000-0000-0000-000000000002'),
  ('e0000000-0000-0000-0000-000000000006', '银卡套餐', 500.00, 50.00, 'a0000000-0000-0000-0000-000000000002');

-- 会员（密码: member123）
INSERT INTO members (id, phone, password_hash, name, level, points, balance, store_id) VALUES
  ('f0000000-0000-0000-0000-000000000001', '13811111111', 'member123', '张三', 'normal', 100, 500.00, 'a0000000-0000-0000-0000-000000000001'),
  ('f0000000-0000-0000-0000-000000000002', '13822222222', 'member123', '李四', 'silver', 500, 1200.00, 'a0000000-0000-0000-0000-000000000001'),
  ('f0000000-0000-0000-0000-000000000003', '13833333333', 'member123', '王五', 'gold', 1500, 3000.00, 'a0000000-0000-0000-0000-000000000001'),
  ('f0000000-0000-0000-0000-000000000004', '13844444444', 'member123', '赵六', 'diamond', 5000, 8000.00, 'a0000000-0000-0000-0000-000000000001'),
  ('f0000000-0000-0000-0000-000000000005', '13855555555', 'member123', '钱七', 'normal', 0, 200.00, 'a0000000-0000-0000-0000-000000000002');
